2,2,2,0.1,0.1,0.005,0.005,2516222.5
2,2,2,0.1,0.1,0.005,0.015,1886011.5
2,2,2,0.1,0.1,0.005,0.05,1802441.5
2,2,2,0.1,0.1,0.015,0.005,3417248.0
2,2,2,0.1,0.1,0.015,0.015,2429427.0
2,2,2,0.1,0.1,0.015,0.05,1542935.0
2,2,2,0.1,0.1,0.05,0.005,3782855.5
2,2,2,0.1,0.1,0.05,0.015,2492131.5
2,2,2,0.1,0.1,0.05,0.05,1935566.0
2,2,2,0.1,0.5,0.005,0.005,3606617.5
2,2,2,0.1,0.5,0.005,0.015,2779100.0
2,2,2,0.1,0.5,0.005,0.05,1024162.5
2,2,2,0.1,0.5,0.015,0.005,2527529.0
2,2,2,0.1,0.5,0.015,0.015,3595337.5
2,2,2,0.1,0.5,0.015,0.05,890860.5
2,2,2,0.1,0.5,0.05,0.005,3153471.0
2,2,2,0.1,0.5,0.05,0.015,1299670.5
2,2,2,0.1,0.5,0.05,0.05,663992.5
2,2,2,0.1,0.9,0.005,0.005,4019343.0
2,2,2,0.1,0.9,0.005,0.015,742946.5
2,2,2,0.1,0.9,0.005,0.05,158977.0
2,2,2,0.1,0.9,0.015,0.005,3015620.0
2,2,2,0.1,0.9,0.015,0.015,2078887.0
2,2,2,0.1,0.9,0.015,0.05,297997.5
2,2,2,0.1,0.9,0.05,0.005,2985429.0
2,2,2,0.1,0.9,0.05,0.015,1321795.5
2,2,2,0.1,0.9,0.05,0.05,275672.5
2,2,2,0.5,0.1,0.005,0.005,3202762.5
2,2,2,0.5,0.1,0.005,0.015,2979008.0
2,2,2,0.5,0.1,0.005,0.05,1551224.5
2,2,2,0.5,0.1,0.015,0.005,1893759.0
2,2,2,0.5,0.1,0.015,0.015,2098881.5
2,2,2,0.5,0.1,0.015,0.05,1437193.5
2,2,2,0.5,0.1,0.05,0.005,4162577.5
2,2,2,0.5,0.1,0.05,0.015,3072040.0
2,2,2,0.5,0.1,0.05,0.05,1759334.0
2,2,2,0.5,0.5,0.005,0.005,5341591.0
2,2,2,0.5,0.5,0.005,0.015,3427919.0
2,2,2,0.5,0.5,0.005,0.05,920441.5
2,2,2,0.5,0.5,0.015,0.005,2937033.0
2,2,2,0.5,0.5,0.015,0.015,2061200.0
2,2,2,0.5,0.5,0.015,0.05,1071261.5
2,2,2,0.5,0.5,0.05,0.005,2359607.5
2,2,2,0.5,0.5,0.05,0.015,1938301.0
2,2,2,0.5,0.5,0.05,0.05,942634.5
2,2,2,0.5,0.9,0.005,0.005,3572542.5
2,2,2,0.5,0.9,0.005,0.015,4002051.5
2,2,2,0.5,0.9,0.005,0.05,405876.0
2,2,2,0.5,0.9,0.015,0.005,2566894.5
2,2,2,0.5,0.9,0.015,0.015,1635517.5
2,2,2,0.5,0.9,0.015,0.05,240823.5
2,2,2,0.5,0.9,0.05,0.005,3349275.5
2,2,2,0.5,0.9,0.05,0.015,1905754.5
2,2,2,0.5,0.9,0.05,0.05,967341.0
2,2,2,0.9,0.1,0.005,0.005,4120079.5
2,2,2,0.9,0.1,0.005,0.015,1718448.0
2,2,2,0.9,0.1,0.005,0.05,1545071.5
2,2,2,0.9,0.1,0.015,0.005,4048491.0
2,2,2,0.9,0.1,0.015,0.015,3320729.5
2,2,2,0.9,0.1,0.015,0.05,1509146.5
2,2,2,0.9,0.1,0.05,0.005,2914662.5
2,2,2,0.9,0.1,0.05,0.015,2030906.0
2,2,2,0.9,0.1,0.05,0.05,1474834.0
2,2,2,0.9,0.5,0.005,0.005,3801674.5
2,2,2,0.9,0.5,0.005,0.015,1968286.5
2,2,2,0.9,0.5,0.005,0.05,890198.0
2,2,2,0.9,0.5,0.015,0.005,2624478.5
2,2,2,0.9,0.5,0.015,0.015,1576103.5
2,2,2,0.9,0.5,0.015,0.05,498981.0
2,2,2,0.9,0.5,0.05,0.005,3283954.5
2,2,2,0.9,0.5,0.05,0.015,3119976.5
2,2,2,0.9,0.5,0.05,0.05,782221.0
2,2,2,0.9,0.9,0.005,0.005,2347855.0
2,2,2,0.9,0.9,0.005,0.015,1968909.0
2,2,2,0.9,0.9,0.005,0.05,211988.5
2,2,2,0.9,0.9,0.015,0.005,1745050.0
2,2,2,0.9,0.9,0.015,0.015,839290.5
2,2,2,0.9,0.9,0.015,0.05,574852.5
2,2,2,0.9,0.9,0.05,0.005,2870321.0
2,2,2,0.9,0.9,0.05,0.015,1666300.5
2,2,2,0.9,0.9,0.05,0.05,247504.5
2,10,2,0.1,0.1,0.005,0.005,859564.4
2,10,2,0.1,0.1,0.005,0.015,903048.7
2,10,2,0.1,0.1,0.005,0.05,1014171.7
2,10,2,0.1,0.1,0.015,0.005,705306.4
2,10,2,0.1,0.1,0.015,0.015,883482.9
2,10,2,0.1,0.1,0.015,0.05,668378.4
2,10,2,0.1,0.1,0.05,0.005,1255282.7
2,10,2,0.1,0.1,0.05,0.015,1044215.5
2,10,2,0.1,0.1,0.05,0.05,340878.8
2,10,2,0.1,0.5,0.005,0.005,1222157.9
2,10,2,0.1,0.5,0.005,0.015,1145724.4
2,10,2,0.1,0.5,0.005,0.05,562525.2
2,10,2,0.1,0.5,0.015,0.005,1485438.8
2,10,2,0.1,0.5,0.015,0.015,764710.9
2,10,2,0.1,0.5,0.015,0.05,475696.0
2,10,2,0.1,0.5,0.05,0.005,1838568.7
2,10,2,0.1,0.5,0.05,0.015,1006850.0
2,10,2,0.1,0.5,0.05,0.05,434974.0
2,10,2,0.1,0.9,0.005,0.005,1623260.5
2,10,2,0.1,0.9,0.005,0.015,851739.9
2,10,2,0.1,0.9,0.005,0.05,125520.4
2,10,2,0.1,0.9,0.015,0.005,819559.3
2,10,2,0.1,0.9,0.015,0.015,799893.5
2,10,2,0.1,0.9,0.015,0.05,231366.6
2,10,2,0.1,0.9,0.05,0.005,1219284.2
2,10,2,0.1,0.9,0.05,0.015,788138.9
2,10,2,0.1,0.9,0.05,0.05,243988.5
2,10,2,0.5,0.1,0.005,0.005,1359977.8
2,10,2,0.5,0.1,0.005,0.015,496178.2
2,10,2,0.5,0.1,0.005,0.05,739601.1
2,10,2,0.5,0.1,0.015,0.005,1400333.7
2,10,2,0.5,0.1,0.015,0.015,1176246.0
2,10,2,0.5,0.1,0.015,0.05,714635.5
2,10,2,0.5,0.1,0.05,0.005,740013.8
2,10,2,0.5,0.1,0.05,0.015,850426.2
2,10,2,0.5,0.1,0.05,0.05,490690.2
2,10,2,0.5,0.5,0.005,0.005,770504.1
2,10,2,0.5,0.5,0.005,0.015,749678.6
2,10,2,0.5,0.5,0.005,0.05,416662.0
2,10,2,0.5,0.5,0.015,0.005,601915.2
2,10,2,0.5,0.5,0.015,0.015,846150.1
2,10,2,0.5,0.5,0.015,0.05,557962.7
2,10,2,0.5,0.5,0.05,0.005,1329011.9
2,10,2,0.5,0.5,0.05,0.015,1196008.8
2,10,2,0.5,0.5,0.05,0.05,286057.7
2,10,2,0.5,0.9,0.005,0.005,1224162.1
2,10,2,0.5,0.9,0.005,0.015,937455.6
2,10,2,0.5,0.9,0.005,0.05,235372.2
2,10,2,0.5,0.9,0.015,0.005,646898.5
2,10,2,0.5,0.9,0.015,0.015,450233.2
2,10,2,0.5,0.9,0.015,0.05,242839.0
2,10,2,0.5,0.9,0.05,0.005,804127.0
2,10,2,0.5,0.9,0.05,0.015,419676.9
2,10,2,0.5,0.9,0.05,0.05,267317.9
2,10,2,0.9,0.1,0.005,0.005,664879.7
2,10,2,0.9,0.1,0.005,0.015,896740.6
2,10,2,0.9,0.1,0.005,0.05,825174.6
2,10,2,0.9,0.1,0.015,0.005,739653.3
2,10,2,0.9,0.1,0.015,0.015,382031.8
2,10,2,0.9,0.1,0.015,0.05,569232.2
2,10,2,0.9,0.1,0.05,0.005,771696.8
2,10,2,0.9,0.1,0.05,0.015,691233.4
2,10,2,0.9,0.1,0.05,0.05,359242.8
2,10,2,0.9,0.5,0.005,0.005,1997334.7
2,10,2,0.9,0.5,0.005,0.015,892314.1
2,10,2,0.9,0.5,0.005,0.05,542429.0
2,10,2,0.9,0.5,0.015,0.005,1008561.4
2,10,2,0.9,0.5,0.015,0.015,459523.3
2,10,2,0.9,0.5,0.015,0.05,276559.6
2,10,2,0.9,0.5,0.05,0.005,745002.7
2,10,2,0.9,0.5,0.05,0.015,821766.2
2,10,2,0.9,0.5,0.05,0.05,317044.1
2,10,2,0.9,0.9,0.005,0.005,1484292.0
2,10,2,0.9,0.9,0.005,0.015,747716.5
2,10,2,0.9,0.9,0.005,0.05,253687.7
2,10,2,0.9,0.9,0.015,0.005,1090724.8
2,10,2,0.9,0.9,0.015,0.015,802105.3
2,10,2,0.9,0.9,0.015,0.05,210370.7
2,10,2,0.9,0.9,0.05,0.005,285473.9
2,10,2,0.9,0.9,0.05,0.015,316647.6
2,10,2,0.9,0.9,0.05,0.05,253788.9
2,18,2,0.1,0.1,0.005,0.005,725438.7222222222
2,18,2,0.1,0.1,0.005,0.015,953335.7777777778
2,18,2,0.1,0.1,0.005,0.05,450349.3888888889
2,18,2,0.1,0.1,0.015,0.005,1204593.111111111
2,18,2,0.1,0.1,0.015,0.015,780100.4444444445
2,18,2,0.1,0.1,0.015,0.05,257373.0
2,18,2,0.1,0.1,0.05,0.005,1002586.7222222222
2,18,2,0.1,0.1,0.05,0.015,712641.5
2,18,2,0.1,0.1,0.05,0.05,400070.72222222225
2,18,2,0.1,0.5,0.005,0.005,745171.0
2,18,2,0.1,0.5,0.005,0.015,544122.3888888889
2,18,2,0.1,0.5,0.005,0.05,268983.0
2,18,2,0.1,0.5,0.015,0.005,843294.2222222222
2,18,2,0.1,0.5,0.015,0.015,978543.0
2,18,2,0.1,0.5,0.015,0.05,271287.0
2,18,2,0.1,0.5,0.05,0.005,1624706.111111111
2,18,2,0.1,0.5,0.05,0.015,730005.4444444445
2,18,2,0.1,0.5,0.05,0.05,330976.55555555556
2,18,2,0.1,0.9,0.005,0.005,589881.1666666666
2,18,2,0.1,0.9,0.005,0.015,434966.27777777775
2,18,2,0.1,0.9,0.005,0.05,98853.33333333333
2,18,2,0.1,0.9,0.015,0.005,405450.1666666667
2,18,2,0.1,0.9,0.015,0.015,345689.6111111111
2,18,2,0.1,0.9,0.015,0.05,275640.3888888889
2,18,2,0.1,0.9,0.05,0.005,692849.3333333334
2,18,2,0.1,0.9,0.05,0.015,637879.3888888889
2,18,2,0.1,0.9,0.05,0.05,167747.38888888888
2,18,2,0.5,0.1,0.005,0.005,1021807.3333333334
2,18,2,0.5,0.1,0.005,0.015,690391.7222222222
2,18,2,0.5,0.1,0.005,0.05,627698.4444444445
2,18,2,0.5,0.1,0.015,0.005,525548.3888888889
2,18,2,0.5,0.1,0.015,0.015,497902.1666666667
2,18,2,0.5,0.1,0.015,0.05,325055.8333333333
2,18,2,0.5,0.1,0.05,0.005,214188.27777777778
2,18,2,0.5,0.1,0.05,0.015,270380.94444444444
2,18,2,0.5,0.1,0.05,0.05,309950.94444444444
2,18,2,0.5,0.5,0.005,0.005,939865.3888888889
2,18,2,0.5,0.5,0.005,0.015,734746.6666666666
2,18,2,0.5,0.5,0.005,0.05,379726.6666666667
2,18,2,0.5,0.5,0.015,0.005,691699.6111111111
2,18,2,0.5,0.5,0.015,0.015,348995.1666666667
2,18,2,0.5,0.5,0.015,0.05,250287.11111111112
2,18,2,0.5,0.5,0.05,0.005,248701.22222222222
2,18,2,0.5,0.5,0.05,0.015,313649.3333333333
2,18,2,0.5,0.5,0.05,0.05,294115.0
2,18,2,0.5,0.9,0.005,0.005,758131.5
2,18,2,0.5,0.9,0.005,0.015,442841.3888888889
2,18,2,0.5,0.9,0.005,0.05,165938.66666666666
2,18,2,0.5,0.9,0.015,0.005,254563.88888888888
2,18,2,0.5,0.9,0.015,0.015,543991.0555555555
2,18,2,0.5,0.9,0.015,0.05,166749.77777777778
2,18,2,0.5,0.9,0.05,0.005,675091.0
2,18,2,0.5,0.9,0.05,0.015,510081.8333333333
2,18,2,0.5,0.9,0.05,0.05,192773.33333333334
2,18,2,0.9,0.1,0.005,0.005,780190.0555555555
2,18,2,0.9,0.1,0.005,0.015,470451.1111111111
2,18,2,0.9,0.1,0.005,0.05,549976.6111111111
2,18,2,0.9,0.1,0.015,0.005,244393.05555555556
2,18,2,0.9,0.1,0.015,0.015,293082.55555555556
2,18,2,0.9,0.1,0.015,0.05,285741.22222222225
2,18,2,0.9,0.1,0.05,0.005,106872.77777777778
2,18,2,0.9,0.1,0.05,0.015,111284.83333333333
2,18,2,0.9,0.1,0.05,0.05,139981.05555555556
2,18,2,0.9,0.5,0.005,0.005,500271.27777777775
2,18,2,0.9,0.5,0.005,0.015,620311.1666666666
2,18,2,0.9,0.5,0.005,0.05,209667.0
2,18,2,0.9,0.5,0.015,0.005,879424.8333333334
2,18,2,0.9,0.5,0.015,0.015,300822.0
2,18,2,0.9,0.5,0.015,0.05,149366.0
2,18,2,0.9,0.5,0.05,0.005,966440.4444444445
2,18,2,0.9,0.5,0.05,0.015,369761.1666666667
2,18,2,0.9,0.5,0.05,0.05,359003.6111111111
2,18,2,0.9,0.9,0.005,0.005,598508.1111111111
2,18,2,0.9,0.9,0.005,0.015,574438.1111111111
2,18,2,0.9,0.9,0.005,0.05,141820.27777777778
2,18,2,0.9,0.9,0.015,0.005,361536.22222222225
2,18,2,0.9,0.9,0.015,0.015,306373.1111111111
2,18,2,0.9,0.9,0.015,0.05,176504.88888888888
2,18,2,0.9,0.9,0.05,0.005,574908.5555555555
2,18,2,0.9,0.9,0.05,0.015,502239.1666666667
2,18,2,0.9,0.9,0.05,0.05,189996.55555555556
2,26,2,0.1,0.1,0.005,0.005,445049.96153846156
2,26,2,0.1,0.1,0.005,0.015,471690.3846153846
2,26,2,0.1,0.1,0.005,0.05,381047.5
2,26,2,0.1,0.1,0.015,0.005,530838.3461538461
2,26,2,0.1,0.1,0.015,0.015,249930.96153846153
2,26,2,0.1,0.1,0.015,0.05,313600.3461538461
2,26,2,0.1,0.1,0.05,0.005,506137.76923076925
2,26,2,0.1,0.1,0.05,0.015,470808.5
2,26,2,0.1,0.1,0.05,0.05,410997.6153846154
2,26,2,0.1,0.5,0.005,0.005,907653.4230769231
2,26,2,0.1,0.5,0.005,0.015,347617.23076923075
2,26,2,0.1,0.5,0.005,0.05,272123.0
2,26,2,0.1,0.5,0.015,0.005,517177.76923076925
2,26,2,0.1,0.5,0.015,0.015,663929.2307692308
2,26,2,0.1,0.5,0.015,0.05,300266.6153846154
2,26,2,0.1,0.5,0.05,0.005,536248.2307692308
2,26,2,0.1,0.5,0.05,0.015,567431.0384615385
2,26,2,0.1,0.5,0.05,0.05,216245.96153846153
2,26,2,0.1,0.9,0.005,0.005,389192.5
2,26,2,0.1,0.9,0.005,0.015,334649.0
2,26,2,0.1,0.9,0.005,0.05,97385.57692307692
2,26,2,0.1,0.9,0.015,0.005,598844.1153846154
2,26,2,0.1,0.9,0.015,0.015,451710.6923076923
2,26,2,0.1,0.9,0.015,0.05,182574.88461538462
2,26,2,0.1,0.9,0.05,0.005,398594.07692307694
2,26,2,0.1,0.9,0.05,0.015,316000.46153846156
2,26,2,0.1,0.9,0.05,0.05,117830.61538461539
2,26,2,0.5,0.1,0.005,0.005,558628.0384615385
2,26,2,0.5,0.1,0.005,0.015,318032.26923076925
2,26,2,0.5,0.1,0.005,0.05,358413.26923076925
2,26,2,0.5,0.1,0.015,0.005,230891.88461538462
2,26,2,0.5,0.1,0.015,0.015,219895.73076923078
2,26,2,0.5,0.1,0.015,0.05,333401.0
2,26,2,0.5,0.1,0.05,0.005,505649.0
2,26,2,0.5,0.1,0.05,0.015,120224.73076923077
2,26,2,0.5,0.1,0.05,0.05,242000.42307692306
2,26,2,0.5,0.5,0.005,0.005,365595.0
2,26,2,0.5,0.5,0.005,0.015,806729.3461538461
2,26,2,0.5,0.5,0.005,0.05,258711.03846153847
2,26,2,0.5,0.5,0.015,0.005,664278.3846153846
2,26,2,0.5,0.5,0.015,0.015,223880.11538461538
2,26,2,0.5,0.5,0.015,0.05,155157.38461538462
2,26,2,0.5,0.5,0.05,0.005,230690.07692307694
2,26,2,0.5,0.5,0.05,0.015,113347.03846153847
2,26,2,0.5,0.5,0.05,0.05,213390.65384615384
2,26,2,0.5,0.9,0.005,0.005,560459.0
2,26,2,0.5,0.9,0.005,0.015,229554.61538461538
2,26,2,0.5,0.9,0.005,0.05,108327.53846153847
2,26,2,0.5,0.9,0.015,0.005,294702.46153846156
2,26,2,0.5,0.9,0.015,0.015,357879.0
2,26,2,0.5,0.9,0.015,0.05,175296.15384615384
2,26,2,0.5,0.9,0.05,0.005,377902.0
2,26,2,0.5,0.9,0.05,0.015,287737.92307692306
2,26,2,0.5,0.9,0.05,0.05,134722.15384615384
2,26,2,0.9,0.1,0.005,0.005,439596.6923076923
2,26,2,0.9,0.1,0.005,0.015,316728.1538461539
2,26,2,0.9,0.1,0.005,0.05,436823.26923076925
2,26,2,0.9,0.1,0.015,0.005,195796.1923076923
2,26,2,0.9,0.1,0.015,0.015,297397.8461538461
2,26,2,0.9,0.1,0.015,0.05,294207.42307692306
2,26,2,0.9,0.1,0.05,0.005,106120.80769230769
2,26,2,0.9,0.1,0.05,0.015,99928.96153846153
2,26,2,0.9,0.1,0.05,0.05,90070.88461538461
2,26,2,0.9,0.5,0.005,0.005,468909.3461538461
2,26,2,0.9,0.5,0.005,0.015,398865.3846153846
2,26,2,0.9,0.5,0.005,0.05,203564.23076923078
2,26,2,0.9,0.5,0.015,0.005,872693.3461538461
2,26,2,0.9,0.5,0.015,0.015,200377.03846153847
2,26,2,0.9,0.5,0.015,0.05,104160.03846153847
2,26,2,0.9,0.5,0.05,0.005,661608.8076923077
2,26,2,0.9,0.5,0.05,0.015,234021.26923076922
2,26,2,0.9,0.5,0.05,0.05,88684.23076923077
2,26,2,0.9,0.9,0.005,0.005,381104.0
2,26,2,0.9,0.9,0.005,0.015,335354.23076923075
2,26,2,0.9,0.9,0.005,0.05,156977.65384615384
2,26,2,0.9,0.9,0.015,0.005,233671.84615384616
2,26,2,0.9,0.9,0.015,0.015,265643.0
2,26,2,0.9,0.9,0.015,0.05,125533.38461538461
2,26,2,0.9,0.9,0.05,0.005,578493.0769230769
2,26,2,0.9,0.9,0.05,0.015,200160.73076923078
2,26,2,0.9,0.9,0.05,0.05,133921.53846153847
2,34,2,0.1,0.1,0.005,0.005,286360.5
2,34,2,0.1,0.1,0.005,0.015,295070.14705882355
2,34,2,0.1,0.1,0.005,0.05,367351.20588235295
2,34,2,0.1,0.1,0.015,0.005,167316.38235294117
2,34,2,0.1,0.1,0.015,0.015,178265.9705882353
2,34,2,0.1,0.1,0.015,0.05,203295.91176470587
2,34,2,0.1,0.1,0.05,0.005,599101.4705882353
2,34,2,0.1,0.1,0.05,0.015,498132.23529411765
2,34,2,0.1,0.1,0.05,0.05,337056.35294117645
2,34,2,0.1,0.5,0.005,0.005,419844.67647058825
2,34,2,0.1,0.5,0.005,0.015,234825.35294117648
2,34,2,0.1,0.5,0.005,0.05,125466.17647058824
2,34,2,0.1,0.5,0.015,0.005,251179.79411764705
2,34,2,0.1,0.5,0.015,0.015,519484.9411764706
2,34,2,0.1,0.5,0.015,0.05,118188.0
2,34,2,0.1,0.5,0.05,0.005,408775.6176470588
2,34,2,0.1,0.5,0.05,0.015,347810.9705882353
2,34,2,0.1,0.5,0.05,0.05,216943.79411764705
2,34,2,0.1,0.9,0.005,0.005,438849.35294117645
2,34,2,0.1,0.9,0.005,0.015,374101.82352941175
2,34,2,0.1,0.9,0.005,0.05,157735.41176470587
2,34,2,0.1,0.9,0.015,0.005,656526.4117647059
2,34,2,0.1,0.9,0.015,0.015,482052.79411764705
2,34,2,0.1,0.9,0.015,0.05,59192.17647058824
2,34,2,0.1,0.9,0.05,0.005,648487.5294117647
2,34,2,0.1,0.9,0.05,0.015,402259.3823529412
2,34,2,0.1,0.9,0.05,0.05,133058.76470588235
2,34,2,0.5,0.1,0.005,0.005,571184.2941176471
2,34,2,0.5,0.1,0.005,0.015,360732.0294117647
2,34,2,0.5,0.1,0.005,0.05,236536.4705882353
2,34,2,0.5,0.1,0.015,0.005,164237.11764705883
2,34,2,0.5,0.1,0.015,0.015,348936.20588235295
2,34,2,0.5,0.1,0.015,0.05,181849.35294117648
2,34,2,0.5,0.1,0.05,0.005,92833.9705882353
2,34,2,0.5,0.1,0.05,0.015,73662.73529411765
2,34,2,0.5,0.1,0.05,0.05,85833.91176470589
2,34,2,0.5,0.5,0.005,0.005,783412.2058823529
2,34,2,0.5,0.5,0.005,0.015,469966.29411764705
2,34,2,0.5,0.5,0.005,0.05,156529.58823529413
2,34,2,0.5,0.5,0.015,0.005,280557.17647058825
2,34,2,0.5,0.5,0.015,0.015,474592.4705882353
2,34,2,0.5,0.5,0.015,0.05,133469.9705882353
2,34,2,0.5,0.5,0.05,0.005,461359.76470588235
2,34,2,0.5,0.5,0.05,0.015,353914.4705882353
2,34,2,0.5,0.5,0.05,0.05,76925.05882352941
2,34,2,0.5,0.9,0.005,0.005,332366.17647058825
2,34,2,0.5,0.9,0.005,0.015,342036.79411764705
2,34,2,0.5,0.9,0.005,0.05,94862.94117647059
2,34,2,0.5,0.9,0.015,0.005,552716.5588235294
2,34,2,0.5,0.9,0.015,0.015,227039.5
2,34,2,0.5,0.9,0.015,0.05,90851.44117647059
2,34,2,0.5,0.9,0.05,0.005,508990.5882352941
2,34,2,0.5,0.9,0.05,0.015,298466.85294117645
2,34,2,0.5,0.9,0.05,0.05,107260.91176470589
2,34,2,0.9,0.1,0.005,0.005,287895.8823529412
2,34,2,0.9,0.1,0.005,0.015,267248.9705882353
2,34,2,0.9,0.1,0.005,0.05,323136.67647058825
2,34,2,0.9,0.1,0.015,0.005,141412.58823529413
2,34,2,0.9,0.1,0.015,0.015,417593.76470588235
2,34,2,0.9,0.1,0.015,0.05,141743.20588235295
2,34,2,0.9,0.1,0.05,0.005,78247.05882352941
2,34,2,0.9,0.1,0.05,0.015,236872.76470588235
2,34,2,0.9,0.1,0.05,0.05,142529.64705882352
2,34,2,0.9,0.5,0.005,0.005,822013.2352941176
2,34,2,0.9,0.5,0.005,0.015,291705.5294117647
2,34,2,0.9,0.5,0.005,0.05,190805.67647058822
2,34,2,0.9,0.5,0.015,0.005,528307.1470588235
2,34,2,0.9,0.5,0.015,0.015,449734.82352941175
2,34,2,0.9,0.5,0.015,0.05,184437.70588235295
2,34,2,0.9,0.5,0.05,0.005,552747.4411764706
2,34,2,0.9,0.5,0.05,0.015,74480.88235294117
2,34,2,0.9,0.5,0.05,0.05,58363.55882352941
2,34,2,0.9,0.9,0.005,0.005,265050.85294117645
2,34,2,0.9,0.9,0.005,0.015,298175.4117647059
2,34,2,0.9,0.9,0.005,0.05,137060.64705882352
2,34,2,0.9,0.9,0.015,0.005,495852.4705882353
2,34,2,0.9,0.9,0.015,0.015,240865.5
2,34,2,0.9,0.9,0.015,0.05,128011.17647058824
2,34,2,0.9,0.9,0.05,0.005,567242.4117647059
2,34,2,0.9,0.9,0.05,0.015,212342.29411764705
2,34,2,0.9,0.9,0.05,0.05,78506.29411764706
2,2,10,0.1,0.1,0.005,0.005,4.20857365E7
2,2,10,0.1,0.1,0.005,0.015,2.26804815E7
2,2,10,0.1,0.1,0.005,0.05,1.9606956E7
2,2,10,0.1,0.1,0.015,0.005,3.4397593E7
2,2,10,0.1,0.1,0.015,0.015,3.20160515E7
2,2,10,0.1,0.1,0.015,0.05,2.00871285E7
2,2,10,0.1,0.1,0.05,0.005,3.9118046E7
2,2,10,0.1,0.1,0.05,0.015,2.9174591E7
2,2,10,0.1,0.1,0.05,0.05,2.060734E7
2,2,10,0.1,0.5,0.005,0.005,2.96527055E7
2,2,10,0.1,0.5,0.005,0.015,2.44150635E7
2,2,10,0.1,0.5,0.005,0.05,1.2422882E7
2,2,10,0.1,0.5,0.015,0.005,3.19222185E7
2,2,10,0.1,0.5,0.015,0.015,2.51395045E7
2,2,10,0.1,0.5,0.015,0.05,1.1434659E7
2,2,10,0.1,0.5,0.05,0.005,3.1424497E7
2,2,10,0.1,0.5,0.05,0.015,2.12437695E7
2,2,10,0.1,0.5,0.05,0.05,1.60139635E7
2,2,10,0.1,0.9,0.005,0.005,3.0620459E7
2,2,10,0.1,0.9,0.005,0.015,1.91653705E7
2,2,10,0.1,0.9,0.005,0.05,1.0816865E7
2,2,10,0.1,0.9,0.015,0.005,3.56067165E7
2,2,10,0.1,0.9,0.015,0.015,1.62629705E7
2,2,10,0.1,0.9,0.015,0.05,4497245.5
2,2,10,0.1,0.9,0.05,0.005,2.94093745E7
2,2,10,0.1,0.9,0.05,0.015,1.87082215E7
2,2,10,0.1,0.9,0.05,0.05,8296723.5
2,2,10,0.5,0.1,0.005,0.005,3.4631464E7
2,2,10,0.5,0.1,0.005,0.015,2.6213149E7
2,2,10,0.5,0.1,0.005,0.05,1.7463379E7
2,2,10,0.5,0.1,0.015,0.005,3.02468315E7
2,2,10,0.5,0.1,0.015,0.015,2.49235615E7
2,2,10,0.5,0.1,0.015,0.05,1.75936085E7
2,2,10,0.5,0.1,0.05,0.005,2.979809E7
2,2,10,0.5,0.1,0.05,0.015,2.5722857E7
2,2,10,0.5,0.1,0.05,0.05,1.85142945E7
2,2,10,0.5,0.5,0.005,0.005,3.1326808E7
2,2,10,0.5,0.5,0.005,0.015,2.2033844E7
2,2,10,0.5,0.5,0.005,0.05,1.2479883E7
2,2,10,0.5,0.5,0.015,0.005,2.6540888E7
2,2,10,0.5,0.5,0.015,0.015,1.8979819E7
2,2,10,0.5,0.5,0.015,0.05,1.10303825E7
2,2,10,0.5,0.5,0.05,0.005,2.75049515E7
2,2,10,0.5,0.5,0.05,0.015,2.39214805E7
2,2,10,0.5,0.5,0.05,0.05,9523852.0
2,2,10,0.5,0.9,0.005,0.005,2.7480777E7
2,2,10,0.5,0.9,0.005,0.015,1.67236645E7
2,2,10,0.5,0.9,0.005,0.05,6740719.5
2,2,10,0.5,0.9,0.015,0.005,2.5654642E7
2,2,10,0.5,0.9,0.015,0.015,1.6895112E7
2,2,10,0.5,0.9,0.015,0.05,5335474.5
2,2,10,0.5,0.9,0.05,0.005,2.49125455E7
2,2,10,0.5,0.9,0.05,0.015,1.5078979E7
2,2,10,0.5,0.9,0.05,0.05,6768691.0
2,2,10,0.9,0.1,0.005,0.005,3.6643206E7
2,2,10,0.9,0.1,0.005,0.015,2.04625465E7
2,2,10,0.9,0.1,0.005,0.05,1.55482425E7
2,2,10,0.9,0.1,0.015,0.005,3.5566181E7
2,2,10,0.9,0.1,0.015,0.015,2.46030525E7
2,2,10,0.9,0.1,0.015,0.05,1.5747352E7
2,2,10,0.9,0.1,0.05,0.005,3.5833042E7
2,2,10,0.9,0.1,0.05,0.015,2.3569574E7
2,2,10,0.9,0.1,0.05,0.05,1.79224065E7
2,2,10,0.9,0.5,0.005,0.005,3.1939838E7
2,2,10,0.9,0.5,0.005,0.015,2.1594382E7
2,2,10,0.9,0.5,0.005,0.05,1.2379249E7
2,2,10,0.9,0.5,0.015,0.005,2.94143005E7
2,2,10,0.9,0.5,0.015,0.015,1.7947284E7
2,2,10,0.9,0.5,0.015,0.05,1.03916895E7
2,2,10,0.9,0.5,0.05,0.005,2.67807325E7
2,2,10,0.9,0.5,0.05,0.015,2.2669756E7
2,2,10,0.9,0.5,0.05,0.05,1.068822E7
2,2,10,0.9,0.9,0.005,0.005,3.17879285E7
2,2,10,0.9,0.9,0.005,0.015,1.46102195E7
2,2,10,0.9,0.9,0.005,0.05,7463688.5
2,2,10,0.9,0.9,0.015,0.005,2.6958683E7
2,2,10,0.9,0.9,0.015,0.015,1.6161878E7
2,2,10,0.9,0.9,0.015,0.05,6321249.0
2,2,10,0.9,0.9,0.05,0.005,2.2276734E7
2,2,10,0.9,0.9,0.05,0.015,1.5690279E7
2,2,10,0.9,0.9,0.05,0.05,5441359.0
2,10,10,0.1,0.1,0.005,0.005,7357506.1
2,10,10,0.1,0.1,0.005,0.015,6862160.1
2,10,10,0.1,0.1,0.005,0.05,5173129.8
2,10,10,0.1,0.1,0.015,0.005,6508593.2
2,10,10,0.1,0.1,0.015,0.015,6802280.4
2,10,10,0.1,0.1,0.015,0.05,4637122.8
2,10,10,0.1,0.1,0.05,0.005,8273607.2
2,10,10,0.1,0.1,0.05,0.015,6173218.4
2,10,10,0.1,0.1,0.05,0.05,5128279.1
2,10,10,0.1,0.5,0.005,0.005,6499396.6
2,10,10,0.1,0.5,0.005,0.015,5620121.4
2,10,10,0.1,0.5,0.005,0.05,3221515.8
2,10,10,0.1,0.5,0.015,0.005,6295884.8
2,10,10,0.1,0.5,0.015,0.015,5056611.8
2,10,10,0.1,0.5,0.015,0.05,3014171.9
2,10,10,0.1,0.5,0.05,0.005,5342658.6
2,10,10,0.1,0.5,0.05,0.015,5008642.4
2,10,10,0.1,0.5,0.05,0.05,3180127.0
2,10,10,0.1,0.9,0.005,0.005,6705288.0
2,10,10,0.1,0.9,0.005,0.015,4683977.1
2,10,10,0.1,0.9,0.005,0.05,1885720.0
2,10,10,0.1,0.9,0.015,0.005,5491661.1
2,10,10,0.1,0.9,0.015,0.015,4002627.5
2,10,10,0.1,0.9,0.015,0.05,1890784.6
2,10,10,0.1,0.9,0.05,0.005,6178690.8
2,10,10,0.1,0.9,0.05,0.015,3673221.9
2,10,10,0.1,0.9,0.05,0.05,2054091.6
2,10,10,0.5,0.1,0.005,0.005,7270871.8
2,10,10,0.5,0.1,0.005,0.015,6554282.1
2,10,10,0.5,0.1,0.005,0.05,4156047.9
2,10,10,0.5,0.1,0.015,0.005,5572962.1
2,10,10,0.5,0.1,0.015,0.015,5527823.6
2,10,10,0.5,0.1,0.015,0.05,3569825.4
2,10,10,0.5,0.1,0.05,0.005,6740083.4
2,10,10,0.5,0.1,0.05,0.015,4830318.4
2,10,10,0.5,0.1,0.05,0.05,3591659.4
2,10,10,0.5,0.5,0.005,0.005,6057328.6
2,10,10,0.5,0.5,0.005,0.015,4556297.6
2,10,10,0.5,0.5,0.005,0.05,2939350.3
2,10,10,0.5,0.5,0.015,0.005,6235109.7
2,10,10,0.5,0.5,0.015,0.015,4340090.4
2,10,10,0.5,0.5,0.015,0.05,2286989.2
2,10,10,0.5,0.5,0.05,0.005,4780611.9
2,10,10,0.5,0.5,0.05,0.015,4203567.8
2,10,10,0.5,0.5,0.05,0.05,2564024.4
2,10,10,0.5,0.9,0.005,0.005,6351563.4
2,10,10,0.5,0.9,0.005,0.015,4390285.3
2,10,10,0.5,0.9,0.005,0.05,2466550.6
2,10,10,0.5,0.9,0.015,0.005,4342193.1
2,10,10,0.5,0.9,0.015,0.015,3798025.6
2,10,10,0.5,0.9,0.015,0.05,1750293.1
2,10,10,0.5,0.9,0.05,0.005,7341538.0
2,10,10,0.5,0.9,0.05,0.015,3766337.9
2,10,10,0.5,0.9,0.05,0.05,1486427.5
2,10,10,0.9,0.1,0.005,0.005,6312373.6
2,10,10,0.9,0.1,0.005,0.015,6112962.2
2,10,10,0.9,0.1,0.005,0.05,4054045.0
2,10,10,0.9,0.1,0.015,0.005,4217342.0
2,10,10,0.9,0.1,0.015,0.015,4221486.0
2,10,10,0.9,0.1,0.015,0.05,2966671.3
2,10,10,0.9,0.1,0.05,0.005,4542655.0
2,10,10,0.9,0.1,0.05,0.015,3952096.0
2,10,10,0.9,0.1,0.05,0.05,2411753.8
2,10,10,0.9,0.5,0.005,0.005,7476523.4
2,10,10,0.9,0.5,0.005,0.015,5522847.7
2,10,10,0.9,0.5,0.005,0.05,2958591.6
2,10,10,0.9,0.5,0.015,0.005,5889564.6
2,10,10,0.9,0.5,0.015,0.015,4294409.7
2,10,10,0.9,0.5,0.015,0.05,2381867.3
2,10,10,0.9,0.5,0.05,0.005,4704861.6
2,10,10,0.9,0.5,0.05,0.015,2734119.1
2,10,10,0.9,0.5,0.05,0.05,1750238.6
2,10,10,0.9,0.9,0.005,0.005,6654697.5
2,10,10,0.9,0.9,0.005,0.015,4362009.9
2,10,10,0.9,0.9,0.005,0.05,1950697.5
2,10,10,0.9,0.9,0.015,0.005,3943217.6
2,10,10,0.9,0.9,0.015,0.015,4221633.0
2,10,10,0.9,0.9,0.015,0.05,1605163.8
2,10,10,0.9,0.9,0.05,0.005,3888132.9
2,10,10,0.9,0.9,0.05,0.015,3273611.1
2,10,10,0.9,0.9,0.05,0.05,1530511.8
2,18,10,0.1,0.1,0.005,0.005,4087816.3333333335
2,18,10,0.1,0.1,0.005,0.015,3819774.777777778
2,18,10,0.1,0.1,0.005,0.05,2624731.5
2,18,10,0.1,0.1,0.015,0.005,3793655.8333333335
2,18,10,0.1,0.1,0.015,0.015,3454398.8333333335
2,18,10,0.1,0.1,0.015,0.05,2345156.722222222
2,18,10,0.1,0.1,0.05,0.005,4236198.0
2,18,10,0.1,0.1,0.05,0.015,3708079.722222222
2,18,10,0.1,0.1,0.05,0.05,2634869.111111111
2,18,10,0.1,0.5,0.005,0.005,4244747.777777778
2,18,10,0.1,0.5,0.005,0.015,3245599.111111111
2,18,10,0.1,0.5,0.005,0.05,1931115.3333333333
2,18,10,0.1,0.5,0.015,0.005,3319560.6666666665
2,18,10,0.1,0.5,0.015,0.015,3094671.9444444445
2,18,10,0.1,0.5,0.015,0.05,1621175.5555555555
2,18,10,0.1,0.5,0.05,0.005,4183010.388888889
2,18,10,0.1,0.5,0.05,0.015,3026877.1666666665
2,18,10,0.1,0.5,0.05,0.05,1698133.2222222222
2,18,10,0.1,0.9,0.005,0.005,4311625.666666667
2,18,10,0.1,0.9,0.005,0.015,2346164.777777778
2,18,10,0.1,0.9,0.005,0.05,1144037.388888889
2,18,10,0.1,0.9,0.015,0.005,3770394.611111111
2,18,10,0.1,0.9,0.015,0.015,2558453.5555555555
2,18,10,0.1,0.9,0.015,0.05,998379.9444444445
2,18,10,0.1,0.9,0.05,0.005,3990108.5
2,18,10,0.1,0.9,0.05,0.015,2045168.1666666667
2,18,10,0.1,0.9,0.05,0.05,1151246.7222222222
2,18,10,0.5,0.1,0.005,0.005,3783755.3333333335
2,18,10,0.5,0.1,0.005,0.015,3670568.222222222
2,18,10,0.5,0.1,0.005,0.05,2547263.1666666665
2,18,10,0.5,0.1,0.015,0.005,2904408.5
2,18,10,0.5,0.1,0.015,0.015,2969938.9444444445
2,18,10,0.5,0.1,0.015,0.05,2063465.3333333333
2,18,10,0.5,0.1,0.05,0.005,3198126.6666666665
2,18,10,0.5,0.1,0.05,0.015,1742658.111111111
2,18,10,0.5,0.1,0.05,0.05,1438017.6666666667
2,18,10,0.5,0.5,0.005,0.005,4097513.222222222
2,18,10,0.5,0.5,0.005,0.015,2822408.611111111
2,18,10,0.5,0.5,0.005,0.05,1993919.7777777778
2,18,10,0.5,0.5,0.015,0.005,3181567.0
2,18,10,0.5,0.5,0.015,0.015,2645424.777777778
2,18,10,0.5,0.5,0.015,0.05,1808741.0
2,18,10,0.5,0.5,0.05,0.005,2895467.0
2,18,10,0.5,0.5,0.05,0.015,2285492.222222222
2,18,10,0.5,0.5,0.05,0.05,1403894.3333333333
2,18,10,0.5,0.9,0.005,0.005,2928932.1666666665
2,18,10,0.5,0.9,0.005,0.015,2446016.3333333335
2,18,10,0.5,0.9,0.005,0.05,1260500.6666666667
2,18,10,0.5,0.9,0.015,0.005,3174112.5
2,18,10,0.5,0.9,0.015,0.015,2341917.5
2,18,10,0.5,0.9,0.015,0.05,1009431.7777777778
2,18,10,0.5,0.9,0.05,0.005,3287649.5
2,18,10,0.5,0.9,0.05,0.015,2384812.722222222
2,18,10,0.5,0.9,0.05,0.05,1365252.3333333333
2,18,10,0.9,0.1,0.005,0.005,4634958.333333333
2,18,10,0.9,0.1,0.005,0.015,2684830.8333333335
2,18,10,0.9,0.1,0.005,0.05,2501285.5
2,18,10,0.9,0.1,0.015,0.005,2411291.4444444445
2,18,10,0.9,0.1,0.015,0.015,2498118.8333333335
2,18,10,0.9,0.1,0.015,0.05,2010486.1666666667
2,18,10,0.9,0.1,0.05,0.005,1760242.7222222222
2,18,10,0.9,0.1,0.05,0.015,1346243.8333333333
2,18,10,0.9,0.1,0.05,0.05,1624482.5
2,18,10,0.9,0.5,0.005,0.005,3816950.888888889
2,18,10,0.9,0.5,0.005,0.015,3123230.0
2,18,10,0.9,0.5,0.005,0.05,1759710.6666666667
2,18,10,0.9,0.5,0.015,0.005,2095870.7777777778
2,18,10,0.9,0.5,0.015,0.015,2480164.4444444445
2,18,10,0.9,0.5,0.015,0.05,1263494.7222222222
2,18,10,0.9,0.5,0.05,0.005,1603282.7222222222
2,18,10,0.9,0.5,0.05,0.015,1619882.0555555555
2,18,10,0.9,0.5,0.05,0.05,1415194.2222222222
2,18,10,0.9,0.9,0.005,0.005,3061511.5555555555
2,18,10,0.9,0.9,0.005,0.015,2712442.777777778
2,18,10,0.9,0.9,0.005,0.05,1088318.5
2,18,10,0.9,0.9,0.015,0.005,2921519.0555555555
2,18,10,0.9,0.9,0.015,0.015,2214404.722222222
2,18,10,0.9,0.9,0.015,0.05,997960.5
2,18,10,0.9,0.9,0.05,0.005,2926821.4444444445
2,18,10,0.9,0.9,0.05,0.015,1612163.2222222222
2,18,10,0.9,0.9,0.05,0.05,975337.3888888889
2,26,10,0.1,0.1,0.005,0.005,2721912.576923077
2,26,10,0.1,0.1,0.005,0.015,2572153.346153846
2,26,10,0.1,0.1,0.005,0.05,2108101.6153846155
2,26,10,0.1,0.1,0.015,0.005,2797203.423076923
2,26,10,0.1,0.1,0.015,0.015,2036758.8846153845
2,26,10,0.1,0.1,0.015,0.05,1704439.2692307692
2,26,10,0.1,0.1,0.05,0.005,3802150.0
2,26,10,0.1,0.1,0.05,0.015,2460984.653846154
2,26,10,0.1,0.1,0.05,0.05,2039829.7692307692
2,26,10,0.1,0.5,0.005,0.005,2722744.769230769
2,26,10,0.1,0.5,0.005,0.015,2189580.8846153845
2,26,10,0.1,0.5,0.005,0.05,1463800.1923076923
2,26,10,0.1,0.5,0.015,0.005,2293236.6923076925
2,26,10,0.1,0.5,0.015,0.015,2083996.3076923077
2,26,10,0.1,0.5,0.015,0.05,1274396.7692307692
2,26,10,0.1,0.5,0.05,0.005,2809144.9615384615
2,26,10,0.1,0.5,0.05,0.015,1754489.076923077
2,26,10,0.1,0.5,0.05,0.05,1416316.8076923077
2,26,10,0.1,0.9,0.005,0.005,3143569.3076923075
2,26,10,0.1,0.9,0.005,0.015,1739534.1538461538
2,26,10,0.1,0.9,0.005,0.05,783052.3461538461
2,26,10,0.1,0.9,0.015,0.005,2791571.3846153845
2,26,10,0.1,0.9,0.015,0.015,1810178.423076923
2,26,10,0.1,0.9,0.015,0.05,783067.5769230769
2,26,10,0.1,0.9,0.05,0.005,2293284.730769231
2,26,10,0.1,0.9,0.05,0.015,1880573.576923077
2,26,10,0.1,0.9,0.05,0.05,713165.1923076923
2,26,10,0.5,0.1,0.005,0.005,3234025.8846153845
2,26,10,0.5,0.1,0.005,0.015,2450004.5
2,26,10,0.5,0.1,0.005,0.05,1878746.9615384615
2,26,10,0.5,0.1,0.015,0.005,2246024.3076923075
2,26,10,0.5,0.1,0.015,0.015,1783056.0
2,26,10,0.5,0.1,0.015,0.05,1460456.0
2,26,10,0.5,0.1,0.05,0.005,1744470.8076923077
2,26,10,0.5,0.1,0.05,0.015,1787857.6538461538
2,26,10,0.5,0.1,0.05,0.05,977717.6923076923
2,26,10,0.5,0.5,0.005,0.005,2127905.423076923
2,26,10,0.5,0.5,0.005,0.015,2240612.0384615385
2,26,10,0.5,0.5,0.005,0.05,1417752.7692307692
2,26,10,0.5,0.5,0.015,0.005,1733136.2307692308
2,26,10,0.5,0.5,0.015,0.015,2008354.8076923077
2,26,10,0.5,0.5,0.015,0.05,1035586.8846153846
2,26,10,0.5,0.5,0.05,0.005,2103500.576923077
2,26,10,0.5,0.5,0.05,0.015,1875729.5384615385
2,26,10,0.5,0.5,0.05,0.05,961596.9615384615
2,26,10,0.5,0.9,0.005,0.005,2391481.1153846155
2,26,10,0.5,0.9,0.005,0.015,1928683.5384615385
2,26,10,0.5,0.9,0.005,0.05,861435.9615384615
2,26,10,0.5,0.9,0.015,0.005,1864962.3076923077
2,26,10,0.5,0.9,0.015,0.015,2044761.7692307692
2,26,10,0.5,0.9,0.015,0.05,822615.9615384615
2,26,10,0.5,0.9,0.05,0.005,3710361.9615384615
2,26,10,0.5,0.9,0.05,0.015,1766436.2692307692
2,26,10,0.5,0.9,0.05,0.05,655227.4230769231
2,26,10,0.9,0.1,0.005,0.005,2147615.923076923
2,26,10,0.9,0.1,0.005,0.015,2317912.346153846
2,26,10,0.9,0.1,0.005,0.05,1888851.1923076923
2,26,10,0.9,0.1,0.015,0.005,1238410.4615384615
2,26,10,0.9,0.1,0.015,0.015,1335605.576923077
2,26,10,0.9,0.1,0.015,0.05,1096880.6538461538
2,26,10,0.9,0.1,0.05,0.005,1010027.2307692308
2,26,10,0.9,0.1,0.05,0.015,931577.2692307692
2,26,10,0.9,0.1,0.05,0.05,578800.0
2,26,10,0.9,0.5,0.005,0.005,2575791.423076923
2,26,10,0.9,0.5,0.005,0.015,2176649.6153846155
2,26,10,0.9,0.5,0.005,0.05,1204542.1538461538
2,26,10,0.9,0.5,0.015,0.005,2451700.3076923075
2,26,10,0.9,0.5,0.015,0.015,1542868.1923076923
2,26,10,0.9,0.5,0.015,0.05,818326.1923076923
2,26,10,0.9,0.5,0.05,0.005,1446992.1923076923
2,26,10,0.9,0.5,0.05,0.015,1622548.1538461538
2,26,10,0.9,0.5,0.05,0.05,852134.6538461539
2,26,10,0.9,0.9,0.005,0.005,2018727.7692307692
2,26,10,0.9,0.9,0.005,0.015,1726909.6153846155
2,26,10,0.9,0.9,0.005,0.05,812710.9615384615
2,26,10,0.9,0.9,0.015,0.005,2482480.1153846155
2,26,10,0.9,0.9,0.015,0.015,1816897.3461538462
2,26,10,0.9,0.9,0.015,0.05,774709.1538461539
2,26,10,0.9,0.9,0.05,0.005,2794635.423076923
2,26,10,0.9,0.9,0.05,0.015,1606077.2692307692
2,26,10,0.9,0.9,0.05,0.05,793424.1153846154
2,34,10,0.1,0.1,0.005,0.005,2031607.8235294118
2,34,10,0.1,0.1,0.005,0.015,2216032.6764705884
2,34,10,0.1,0.1,0.005,0.05,1539085.4117647058
2,34,10,0.1,0.1,0.015,0.005,1835758.0294117648
2,34,10,0.1,0.1,0.015,0.015,1766327.3529411764
2,34,10,0.1,0.1,0.015,0.05,1523790.2647058824
2,34,10,0.1,0.1,0.05,0.005,2370314.2647058824
2,34,10,0.1,0.1,0.05,0.015,1614792.5882352942
2,34,10,0.1,0.1,0.05,0.05,1376320.4705882352
2,34,10,0.1,0.5,0.005,0.005,1799556.205882353
2,34,10,0.1,0.5,0.005,0.015,1848023.9117647058
2,34,10,0.1,0.5,0.005,0.05,1038119.1764705882
2,34,10,0.1,0.5,0.015,0.005,2056160.5588235294
2,34,10,0.1,0.5,0.015,0.015,1638070.705882353
2,34,10,0.1,0.5,0.015,0.05,1105674.1470588236
2,34,10,0.1,0.5,0.05,0.005,1815554.1470588236
2,34,10,0.1,0.5,0.05,0.015,1782024.9117647058
2,34,10,0.1,0.5,0.05,0.05,922645.3235294118
2,34,10,0.1,0.9,0.005,0.005,2036575.6176470588
2,34,10,0.1,0.9,0.005,0.015,1813511.9705882352
2,34,10,0.1,0.9,0.005,0.05,582307.6176470588
2,34,10,0.1,0.9,0.015,0.005,2025457.6176470588
2,34,10,0.1,0.9,0.015,0.015,1661454.2352941176
2,34,10,0.1,0.9,0.015,0.05,684650.0588235294
2,34,10,0.1,0.9,0.05,0.005,2064197.3823529412
2,34,10,0.1,0.9,0.05,0.015,1219571.794117647
2,34,10,0.1,0.9,0.05,0.05,661985.8823529412
2,34,10,0.5,0.1,0.005,0.005,1294993.0
2,34,10,0.5,0.1,0.005,0.015,2132918.6764705884
2,34,10,0.5,0.1,0.005,0.05,1506268.2352941176
2,34,10,0.5,0.1,0.015,0.005,1388888.3235294118
2,34,10,0.5,0.1,0.015,0.015,1256774.9117647058
2,34,10,0.5,0.1,0.015,0.05,1173818.8823529412
2,34,10,0.5,0.1,0.05,0.005,857447.1764705882
2,34,10,0.5,0.1,0.05,0.015,950421.7941176471
2,34,10,0.5,0.1,0.05,0.05,744629.0
2,34,10,0.5,0.5,0.005,0.005,1901491.0588235294
2,34,10,0.5,0.5,0.005,0.015,1562679.4117647058
2,34,10,0.5,0.5,0.005,0.05,1116986.294117647
2,34,10,0.5,0.5,0.015,0.005,1537143.1176470588
2,34,10,0.5,0.5,0.015,0.015,1384551.1470588236
2,34,10,0.5,0.5,0.015,0.05,875747.3235294118
2,34,10,0.5,0.5,0.05,0.005,1448796.8529411764
2,34,10,0.5,0.5,0.05,0.015,947657.5588235294
2,34,10,0.5,0.5,0.05,0.05,855457.3235294118
2,34,10,0.5,0.9,0.005,0.005,1803868.7352941176
2,34,10,0.5,0.9,0.005,0.015,1474365.2647058824
2,34,10,0.5,0.9,0.005,0.05,696696.7647058824
2,34,10,0.5,0.9,0.015,0.005,1155209.9411764706
2,34,10,0.5,0.9,0.015,0.015,1455710.8823529412
2,34,10,0.5,0.9,0.015,0.05,606230.7941176471
2,34,10,0.5,0.9,0.05,0.005,1740236.6176470588
2,34,10,0.5,0.9,0.05,0.015,1531936.1176470588
2,34,10,0.5,0.9,0.05,0.05,721699.9411764706
2,34,10,0.9,0.1,0.005,0.005,1341448.7352941176
2,34,10,0.9,0.1,0.005,0.015,1671995.294117647
2,34,10,0.9,0.1,0.005,0.05,1265539.5294117648
2,34,10,0.9,0.1,0.015,0.005,843067.6176470588
2,34,10,0.9,0.1,0.015,0.015,1407853.6470588236
2,34,10,0.9,0.1,0.015,0.05,939808.2941176471
2,34,10,0.9,0.1,0.05,0.005,663644.6176470588
2,34,10,0.9,0.1,0.05,0.015,812199.6176470588
2,34,10,0.9,0.1,0.05,0.05,930891.7352941176
2,34,10,0.9,0.5,0.005,0.005,2015372.0
2,34,10,0.9,0.5,0.005,0.015,1507874.6764705882
2,34,10,0.9,0.5,0.005,0.05,1045531.3529411765
2,34,10,0.9,0.5,0.015,0.005,1127745.794117647
2,34,10,0.9,0.5,0.015,0.015,1627672.9705882352
2,34,10,0.9,0.5,0.015,0.05,805283.5
2,34,10,0.9,0.5,0.05,0.005,953124.2941176471
2,34,10,0.9,0.5,0.05,0.015,796342.1470588235
2,34,10,0.9,0.5,0.05,0.05,591046.8823529412
2,34,10,0.9,0.9,0.005,0.005,1379306.8235294118
2,34,10,0.9,0.9,0.005,0.015,1287377.7352941176
2,34,10,0.9,0.9,0.005,0.05,752203.1764705882
2,34,10,0.9,0.9,0.015,0.005,955238.2941176471
2,34,10,0.9,0.9,0.015,0.015,1248922.4411764706
2,34,10,0.9,0.9,0.015,0.05,696928.7647058824
2,34,10,0.9,0.9,0.05,0.005,2464160.411764706
2,34,10,0.9,0.9,0.05,0.015,1394245.1176470588
2,34,10,0.9,0.9,0.05,0.05,446546.70588235295
2,2,18,0.1,0.1,0.005,0.005,8.06316955E7
2,2,18,0.1,0.1,0.005,0.015,7.57817875E7
2,2,18,0.1,0.1,0.005,0.05,4.1296037E7
2,2,18,0.1,0.1,0.015,0.005,8.1619569E7
2,2,18,0.1,0.1,0.015,0.015,5.8874003E7
2,2,18,0.1,0.1,0.015,0.05,3.9099507E7
2,2,18,0.1,0.1,0.05,0.005,8.0489652E7
2,2,18,0.1,0.1,0.05,0.015,5.734728E7
2,2,18,0.1,0.1,0.05,0.05,4.1617851E7
2,2,18,0.1,0.5,0.005,0.005,7.2466703E7
2,2,18,0.1,0.5,0.005,0.015,4.49759065E7
2,2,18,0.1,0.5,0.005,0.05,2.59188085E7
2,2,18,0.1,0.5,0.015,0.005,6.64592555E7
2,2,18,0.1,0.5,0.015,0.015,4.6740466E7
2,2,18,0.1,0.5,0.015,0.05,2.87325655E7
2,2,18,0.1,0.5,0.05,0.005,7.0221976E7
2,2,18,0.1,0.5,0.05,0.015,5.0806806E7
2,2,18,0.1,0.5,0.05,0.05,2.76028155E7
2,2,18,0.1,0.9,0.005,0.005,6.0730047E7
2,2,18,0.1,0.9,0.005,0.015,3.7258623E7
2,2,18,0.1,0.9,0.005,0.05,1.58947825E7
2,2,18,0.1,0.9,0.015,0.005,6.2994524E7
2,2,18,0.1,0.9,0.015,0.015,3.7111543E7
2,2,18,0.1,0.9,0.015,0.05,1.684953E7
2,2,18,0.1,0.9,0.05,0.005,6.35065925E7
2,2,18,0.1,0.9,0.05,0.015,4.1910117E7
2,2,18,0.1,0.9,0.05,0.05,1.58952225E7
2,2,18,0.5,0.1,0.005,0.005,7.75161995E7
2,2,18,0.5,0.1,0.005,0.015,6.57722735E7
2,2,18,0.5,0.1,0.005,0.05,3.95240285E7
2,2,18,0.5,0.1,0.015,0.005,7.92566585E7
2,2,18,0.5,0.1,0.015,0.015,5.634495E7
2,2,18,0.5,0.1,0.015,0.05,3.860778E7
2,2,18,0.5,0.1,0.05,0.005,7.71687325E7
2,2,18,0.5,0.1,0.05,0.015,5.10176355E7
2,2,18,0.5,0.1,0.05,0.05,3.47649935E7
2,2,18,0.5,0.5,0.005,0.005,6.75801545E7
2,2,18,0.5,0.5,0.005,0.015,5.0474609E7
2,2,18,0.5,0.5,0.005,0.05,2.5963967E7
2,2,18,0.5,0.5,0.015,0.005,7.1465299E7
2,2,18,0.5,0.5,0.015,0.015,4.85210485E7
2,2,18,0.5,0.5,0.015,0.05,2.48108555E7
2,2,18,0.5,0.5,0.05,0.005,6.93856525E7
2,2,18,0.5,0.5,0.05,0.015,3.8421839E7
2,2,18,0.5,0.5,0.05,0.05,2.37889525E7
2,2,18,0.5,0.9,0.005,0.005,5.72280085E7
2,2,18,0.5,0.9,0.005,0.015,3.832659E7
2,2,18,0.5,0.9,0.005,0.05,1.5719779E7
2,2,18,0.5,0.9,0.015,0.005,6.8691173E7
2,2,18,0.5,0.9,0.015,0.015,3.778841E7
2,2,18,0.5,0.9,0.015,0.05,1.6573735E7
2,2,18,0.5,0.9,0.05,0.005,6.69847915E7
2,2,18,0.5,0.9,0.05,0.015,3.4052788E7
2,2,18,0.5,0.9,0.05,0.05,1.68774475E7
2,2,18,0.9,0.1,0.005,0.005,6.52378235E7
2,2,18,0.9,0.1,0.005,0.015,6.3896384E7
2,2,18,0.9,0.1,0.005,0.05,4.05209105E7
2,2,18,0.9,0.1,0.015,0.005,6.61495395E7
2,2,18,0.9,0.1,0.015,0.015,5.5331817E7
2,2,18,0.9,0.1,0.015,0.05,4.1281591E7
2,2,18,0.9,0.1,0.05,0.005,6.91653135E7
2,2,18,0.9,0.1,0.05,0.015,5.52479215E7
2,2,18,0.9,0.1,0.05,0.05,3.80292515E7
2,2,18,0.9,0.5,0.005,0.005,6.8785189E7
2,2,18,0.9,0.5,0.005,0.015,4.4305881E7
2,2,18,0.9,0.5,0.005,0.05,2.82476405E7
2,2,18,0.9,0.5,0.015,0.005,6.47672585E7
2,2,18,0.9,0.5,0.015,0.015,5.01798115E7
2,2,18,0.9,0.5,0.015,0.05,2.5964975E7
2,2,18,0.9,0.5,0.05,0.005,6.6740645E7
2,2,18,0.9,0.5,0.05,0.015,3.66157335E7
2,2,18,0.9,0.5,0.05,0.05,2.26760445E7
2,2,18,0.9,0.9,0.005,0.005,7.1387537E7
2,2,18,0.9,0.9,0.005,0.015,3.7522242E7
2,2,18,0.9,0.9,0.005,0.05,1.66994375E7
2,2,18,0.9,0.9,0.015,0.005,5.7731645E7
2,2,18,0.9,0.9,0.015,0.015,3.7627975E7
2,2,18,0.9,0.9,0.015,0.05,1.61409835E7
2,2,18,0.9,0.9,0.05,0.005,4.93806035E7
2,2,18,0.9,0.9,0.05,0.015,3.2950543E7
2,2,18,0.9,0.9,0.05,0.05,1.65145145E7
2,10,18,0.1,0.1,0.005,0.005,1.40233372E7
2,10,18,0.1,0.1,0.005,0.015,1.24029757E7
2,10,18,0.1,0.1,0.005,0.05,9144483.3
2,10,18,0.1,0.1,0.015,0.005,1.42673912E7
2,10,18,0.1,0.1,0.015,0.015,1.22641728E7
2,10,18,0.1,0.1,0.015,0.05,8754845.2
2,10,18,0.1,0.1,0.05,0.005,1.47923009E7
2,10,18,0.1,0.1,0.05,0.015,1.06267828E7
2,10,18,0.1,0.1,0.05,0.05,8918874.2
2,10,18,0.1,0.5,0.005,0.005,1.4328734E7
2,10,18,0.1,0.5,0.005,0.015,1.09160874E7
2,10,18,0.1,0.5,0.005,0.05,5808782.1
2,10,18,0.1,0.5,0.015,0.005,1.5026286E7
2,10,18,0.1,0.5,0.015,0.015,1.09886498E7
2,10,18,0.1,0.5,0.015,0.05,5933149.8
2,10,18,0.1,0.5,0.05,0.005,1.43090741E7
2,10,18,0.1,0.5,0.05,0.015,8631227.5
2,10,18,0.1,0.5,0.05,0.05,6110048.7
2,10,18,0.1,0.9,0.005,0.005,1.34337096E7
2,10,18,0.1,0.9,0.005,0.015,9177148.1
2,10,18,0.1,0.9,0.005,0.05,4150716.4
2,10,18,0.1,0.9,0.015,0.005,1.22428955E7
2,10,18,0.1,0.9,0.015,0.015,7801594.7
2,10,18,0.1,0.9,0.015,0.05,3525733.3
2,10,18,0.1,0.9,0.05,0.005,1.3706502E7
2,10,18,0.1,0.9,0.05,0.015,8425222.3
2,10,18,0.1,0.9,0.05,0.05,3887306.4
2,10,18,0.5,0.1,0.005,0.005,1.38758876E7
2,10,18,0.5,0.1,0.005,0.015,1.42723787E7
2,10,18,0.5,0.1,0.005,0.05,9509945.9
2,10,18,0.5,0.1,0.015,0.005,1.54141056E7
2,10,18,0.5,0.1,0.015,0.015,1.0056427E7
2,10,18,0.5,0.1,0.015,0.05,8301858.7
2,10,18,0.5,0.1,0.05,0.005,1.17091265E7
2,10,18,0.5,0.1,0.05,0.015,9912969.1
2,10,18,0.5,0.1,0.05,0.05,6343133.5
2,10,18,0.5,0.5,0.005,0.005,1.02756635E7
2,10,18,0.5,0.5,0.005,0.015,1.03449378E7
2,10,18,0.5,0.5,0.005,0.05,5965969.6
2,10,18,0.5,0.5,0.015,0.005,1.28902317E7
2,10,18,0.5,0.5,0.015,0.015,9238657.4
2,10,18,0.5,0.5,0.015,0.05,5474276.7
2,10,18,0.5,0.5,0.05,0.005,9500359.8
2,10,18,0.5,0.5,0.05,0.015,8015455.5
2,10,18,0.5,0.5,0.05,0.05,6043396.7
2,10,18,0.5,0.9,0.005,0.005,1.56166503E7
2,10,18,0.5,0.9,0.005,0.015,8189158.0
2,10,18,0.5,0.9,0.005,0.05,3458242.9
2,10,18,0.5,0.9,0.015,0.005,1.2094286E7
2,10,18,0.5,0.9,0.015,0.015,7681467.3
2,10,18,0.5,0.9,0.015,0.05,4511580.5
2,10,18,0.5,0.9,0.05,0.005,1.21381944E7
2,10,18,0.5,0.9,0.05,0.015,7816813.2
2,10,18,0.5,0.9,0.05,0.05,3486798.2
2,10,18,0.9,0.1,0.005,0.005,1.3221252E7
2,10,18,0.9,0.1,0.005,0.015,1.1295063E7
2,10,18,0.9,0.1,0.005,0.05,8551763.5
2,10,18,0.9,0.1,0.015,0.005,9563531.4
2,10,18,0.9,0.1,0.015,0.015,1.07939115E7
2,10,18,0.9,0.1,0.015,0.05,7522363.2
2,10,18,0.9,0.1,0.05,0.005,6002376.9
2,10,18,0.9,0.1,0.05,0.015,9509670.0
2,10,18,0.9,0.1,0.05,0.05,5440194.1
2,10,18,0.9,0.5,0.005,0.005,1.3682808E7
2,10,18,0.9,0.5,0.005,0.015,1.01731993E7
2,10,18,0.9,0.5,0.005,0.05,5573693.3
2,10,18,0.9,0.5,0.015,0.005,9733238.0
2,10,18,0.9,0.5,0.015,0.015,7944946.6
2,10,18,0.9,0.5,0.015,0.05,6002850.4
2,10,18,0.9,0.5,0.05,0.005,1.03784851E7
2,10,18,0.9,0.5,0.05,0.015,8601353.4
2,10,18,0.9,0.5,0.05,0.05,4805541.4
2,10,18,0.9,0.9,0.005,0.005,1.10155598E7
2,10,18,0.9,0.9,0.005,0.015,8250615.6
2,10,18,0.9,0.9,0.005,0.05,3576965.6
2,10,18,0.9,0.9,0.015,0.005,1.24538593E7
2,10,18,0.9,0.9,0.015,0.015,7670137.1
2,10,18,0.9,0.9,0.015,0.05,3886539.5
2,10,18,0.9,0.9,0.05,0.005,1.12182286E7
2,10,18,0.9,0.9,0.05,0.015,6409705.1
2,10,18,0.9,0.9,0.05,0.05,3160840.3
2,18,18,0.1,0.1,0.005,0.005,8429404.722222222
2,18,18,0.1,0.1,0.005,0.015,7699692.5
2,18,18,0.1,0.1,0.005,0.05,5107661.388888889
2,18,18,0.1,0.1,0.015,0.005,7792811.833333333
2,18,18,0.1,0.1,0.015,0.015,6822949.888888889
2,18,18,0.1,0.1,0.015,0.05,4855329.555555556
2,18,18,0.1,0.1,0.05,0.005,7157669.722222222
2,18,18,0.1,0.1,0.05,0.015,7443360.111111111
2,18,18,0.1,0.1,0.05,0.05,5735868.888888889
2,18,18,0.1,0.5,0.005,0.005,7276539.666666667
2,18,18,0.1,0.5,0.005,0.015,6169680.277777778
2,18,18,0.1,0.5,0.005,0.05,3646144.1666666665
2,18,18,0.1,0.5,0.015,0.005,7464371.277777778
2,18,18,0.1,0.5,0.015,0.015,5599737.277777778
2,18,18,0.1,0.5,0.015,0.05,3463198.111111111
2,18,18,0.1,0.5,0.05,0.005,8480384.277777778
2,18,18,0.1,0.5,0.05,0.015,6233019.055555556
2,18,18,0.1,0.5,0.05,0.05,3374983.5555555555
2,18,18,0.1,0.9,0.005,0.005,6972786.277777778
2,18,18,0.1,0.9,0.005,0.015,5392694.555555556
2,18,18,0.1,0.9,0.005,0.05,2140590.611111111
2,18,18,0.1,0.9,0.015,0.005,7089140.111111111
2,18,18,0.1,0.9,0.015,0.015,4993590.111111111
2,18,18,0.1,0.9,0.015,0.05,2328302.277777778
2,18,18,0.1,0.9,0.05,0.005,6907348.277777778
2,18,18,0.1,0.9,0.05,0.015,5084429.888888889
2,18,18,0.1,0.9,0.05,0.05,2233171.111111111
2,18,18,0.5,0.1,0.005,0.005,8720278.166666666
2,18,18,0.5,0.1,0.005,0.015,6450058.388888889
2,18,18,0.5,0.1,0.005,0.05,5076048.444444444
2,18,18,0.5,0.1,0.015,0.005,7160743.833333333
2,18,18,0.5,0.1,0.015,0.015,6037552.166666667
2,18,18,0.5,0.1,0.015,0.05,4213675.166666667
2,18,18,0.5,0.1,0.05,0.005,4981069.055555556
2,18,18,0.5,0.1,0.05,0.015,4278210.055555556
2,18,18,0.5,0.1,0.05,0.05,2995897.111111111
2,18,18,0.5,0.5,0.005,0.005,6474251.944444444
2,18,18,0.5,0.5,0.005,0.015,5637163.333333333
2,18,18,0.5,0.5,0.005,0.05,3483908.5
2,18,18,0.5,0.5,0.015,0.005,6790199.666666667
2,18,18,0.5,0.5,0.015,0.015,5053804.611111111
2,18,18,0.5,0.5,0.015,0.05,2948207.722222222
2,18,18,0.5,0.5,0.05,0.005,5754463.111111111
2,18,18,0.5,0.5,0.05,0.015,4771800.055555556
2,18,18,0.5,0.5,0.05,0.05,2461267.5
2,18,18,0.5,0.9,0.005,0.005,7161178.777777778
2,18,18,0.5,0.9,0.005,0.015,4830894.666666667
2,18,18,0.5,0.9,0.005,0.05,2144594.0
2,18,18,0.5,0.9,0.015,0.005,5143139.722222222
2,18,18,0.5,0.9,0.015,0.015,4804045.611111111
2,18,18,0.5,0.9,0.015,0.05,2055098.888888889
2,18,18,0.5,0.9,0.05,0.005,5421731.555555556
2,18,18,0.5,0.9,0.05,0.015,4590610.611111111
2,18,18,0.5,0.9,0.05,0.05,1885788.611111111
2,18,18,0.9,0.1,0.005,0.005,7173635.277777778
2,18,18,0.9,0.1,0.005,0.015,7807190.166666667
2,18,18,0.9,0.1,0.005,0.05,4360772.388888889
2,18,18,0.9,0.1,0.015,0.005,6264086.611111111
2,18,18,0.9,0.1,0.015,0.015,5688154.5
2,18,18,0.9,0.1,0.015,0.05,4141105.0
2,18,18,0.9,0.1,0.05,0.005,3706229.888888889
2,18,18,0.9,0.1,0.05,0.015,4716814.166666667
2,18,18,0.9,0.1,0.05,0.05,3449796.5555555555
2,18,18,0.9,0.5,0.005,0.005,6604595.055555556
2,18,18,0.9,0.5,0.005,0.015,5943094.777777778
2,18,18,0.9,0.5,0.005,0.05,3555782.722222222
2,18,18,0.9,0.5,0.015,0.005,6637774.111111111
2,18,18,0.9,0.5,0.015,0.015,4645284.666666667
2,18,18,0.9,0.5,0.015,0.05,2592456.0555555555
2,18,18,0.9,0.5,0.05,0.005,3376978.0555555555
2,18,18,0.9,0.5,0.05,0.015,3099134.388888889
2,18,18,0.9,0.5,0.05,0.05,2583705.8333333335
2,18,18,0.9,0.9,0.005,0.005,6587275.277777778
2,18,18,0.9,0.9,0.005,0.015,4890313.611111111
2,18,18,0.9,0.9,0.005,0.05,2175013.222222222
2,18,18,0.9,0.9,0.015,0.005,5885341.611111111
2,18,18,0.9,0.9,0.015,0.015,3992799.1666666665
2,18,18,0.9,0.9,0.015,0.05,1856439.7222222222
2,18,18,0.9,0.9,0.05,0.005,6261008.611111111
2,18,18,0.9,0.9,0.05,0.015,3194842.5
2,18,18,0.9,0.9,0.05,0.05,1732158.0
2,26,18,0.1,0.1,0.005,0.005,5196814.615384615
2,26,18,0.1,0.1,0.005,0.015,5327324.615384615
2,26,18,0.1,0.1,0.005,0.05,3576444.5
2,26,18,0.1,0.1,0.015,0.005,5028951.0
2,26,18,0.1,0.1,0.015,0.015,4652038.807692308
2,26,18,0.1,0.1,0.015,0.05,3325253.769230769
2,26,18,0.1,0.1,0.05,0.005,4626748.307692308
2,26,18,0.1,0.1,0.05,0.015,4491019.538461538
2,26,18,0.1,0.1,0.05,0.05,3603214.9615384615
2,26,18,0.1,0.5,0.005,0.005,4546283.192307692
2,26,18,0.1,0.5,0.005,0.015,3899832.0
2,26,18,0.1,0.5,0.005,0.05,2551572.6923076925
2,26,18,0.1,0.5,0.015,0.005,4787338.038461538
2,26,18,0.1,0.5,0.015,0.015,3484699.153846154
2,26,18,0.1,0.5,0.015,0.05,2569263.9615384615
2,26,18,0.1,0.5,0.05,0.005,4889116.461538462
2,26,18,0.1,0.5,0.05,0.015,4027019.0
2,26,18,0.1,0.5,0.05,0.05,2741369.3076923075
2,26,18,0.1,0.9,0.005,0.005,4308623.923076923
2,26,18,0.1,0.9,0.005,0.015,3653838.076923077
2,26,18,0.1,0.9,0.005,0.05,1663011.4615384615
2,26,18,0.1,0.9,0.015,0.005,3968026.6923076925
2,26,18,0.1,0.9,0.015,0.015,3743621.576923077
2,26,18,0.1,0.9,0.015,0.05,1473556.6923076923
2,26,18,0.1,0.9,0.05,0.005,3940574.6923076925
2,26,18,0.1,0.9,0.05,0.015,3991494.346153846
2,26,18,0.1,0.9,0.05,0.05,1494818.5384615385
2,26,18,0.5,0.1,0.005,0.005,4855873.807692308
2,26,18,0.5,0.1,0.005,0.015,4266770.5
2,26,18,0.5,0.1,0.005,0.05,3680336.346153846
2,26,18,0.5,0.1,0.015,0.005,4408214.038461538
2,26,18,0.5,0.1,0.015,0.015,3575114.4615384615
2,26,18,0.5,0.1,0.015,0.05,3024115.1923076925
2,26,18,0.5,0.1,0.05,0.005,2441226.346153846
2,26,18,0.5,0.1,0.05,0.015,3451083.5384615385
2,26,18,0.5,0.1,0.05,0.05,3014718.6153846155
2,26,18,0.5,0.5,0.005,0.005,4534698.384615385
2,26,18,0.5,0.5,0.005,0.015,3928208.6923076925
2,26,18,0.5,0.5,0.005,0.05,2275162.230769231
2,26,18,0.5,0.5,0.015,0.005,3676953.5384615385
2,26,18,0.5,0.5,0.015,0.015,3601010.8076923075
2,26,18,0.5,0.5,0.015,0.05,2481022.730769231
2,26,18,0.5,0.5,0.05,0.005,4191971.6153846155
2,26,18,0.5,0.5,0.05,0.015,3232623.423076923
2,26,18,0.5,0.5,0.05,0.05,1989385.1923076923
2,26,18,0.5,0.9,0.005,0.005,4218283.807692308
2,26,18,0.5,0.9,0.005,0.015,3343296.6153846155
2,26,18,0.5,0.9,0.005,0.05,1405870.8846153845
2,26,18,0.5,0.9,0.015,0.005,3551897.923076923
2,26,18,0.5,0.9,0.015,0.015,3020517.3076923075
2,26,18,0.5,0.9,0.015,0.05,1334699.3076923077
2,26,18,0.5,0.9,0.05,0.005,4886825.730769231
2,26,18,0.5,0.9,0.05,0.015,2815229.653846154
2,26,18,0.5,0.9,0.05,0.05,1242140.6153846155
2,26,18,0.9,0.1,0.005,0.005,5239564.153846154
2,26,18,0.9,0.1,0.005,0.015,4069345.769230769
2,26,18,0.9,0.1,0.005,0.05,3248835.1153846155
2,26,18,0.9,0.1,0.015,0.005,3164507.923076923
2,26,18,0.9,0.1,0.015,0.015,3066483.5
2,26,18,0.9,0.1,0.015,0.05,2729755.3846153845
2,26,18,0.9,0.1,0.05,0.005,2042796.923076923
2,26,18,0.9,0.1,0.05,0.015,1817070.2692307692
2,26,18,0.9,0.1,0.05,0.05,1825626.6923076923
2,26,18,0.9,0.5,0.005,0.005,4378427.384615385
2,26,18,0.9,0.5,0.005,0.015,3300701.0384615385
2,26,18,0.9,0.5,0.005,0.05,2255465.3846153845
2,26,18,0.9,0.5,0.015,0.005,3010008.730769231
2,26,18,0.9,0.5,0.015,0.015,3479740.5384615385
2,26,18,0.9,0.5,0.015,0.05,1769977.5
2,26,18,0.9,0.5,0.05,0.005,3556936.230769231
2,26,18,0.9,0.5,0.05,0.015,2203075.5
2,26,18,0.9,0.5,0.05,0.05,1710895.0
2,26,18,0.9,0.9,0.005,0.005,4343499.961538462
2,26,18,0.9,0.9,0.005,0.015,3514597.8846153845
2,26,18,0.9,0.9,0.005,0.05,1593248.1923076923
2,26,18,0.9,0.9,0.015,0.005,3853101.230769231
2,26,18,0.9,0.9,0.015,0.015,2887019.8846153845
2,26,18,0.9,0.9,0.015,0.05,1553722.8846153845
2,26,18,0.9,0.9,0.05,0.005,3881659.5384615385
2,26,18,0.9,0.9,0.05,0.015,2884730.923076923
2,26,18,0.9,0.9,0.05,0.05,1428548.1923076923
2,34,18,0.1,0.1,0.005,0.005,4984399.147058823
2,34,18,0.1,0.1,0.005,0.015,3644591.6470588236
2,34,18,0.1,0.1,0.005,0.05,3043740.2352941176
2,34,18,0.1,0.1,0.015,0.005,3909273.588235294
2,34,18,0.1,0.1,0.015,0.015,3194721.970588235
2,34,18,0.1,0.1,0.015,0.05,2702013.2352941176
2,34,18,0.1,0.1,0.05,0.005,3288382.8529411764
2,34,18,0.1,0.1,0.05,0.015,3491338.588235294
2,34,18,0.1,0.1,0.05,0.05,2278936.9411764704
2,34,18,0.1,0.5,0.005,0.005,4349689.382352941
2,34,18,0.1,0.5,0.005,0.015,3215082.882352941
2,34,18,0.1,0.5,0.005,0.05,1998641.0
2,34,18,0.1,0.5,0.015,0.005,3584253.7352941176
2,34,18,0.1,0.5,0.015,0.015,3162129.9411764704
2,34,18,0.1,0.5,0.015,0.05,1872894.6764705882
2,34,18,0.1,0.5,0.05,0.005,3384140.911764706
2,34,18,0.1,0.5,0.05,0.015,2857019.088235294
2,34,18,0.1,0.5,0.05,0.05,1966264.2647058824
2,34,18,0.1,0.9,0.005,0.005,3092075.794117647
2,34,18,0.1,0.9,0.005,0.015,2933662.0
2,34,18,0.1,0.9,0.005,0.05,1219692.5882352942
2,34,18,0.1,0.9,0.015,0.005,3100394.470588235
2,34,18,0.1,0.9,0.015,0.015,2522751.1764705884
2,34,18,0.1,0.9,0.015,0.05,1193590.6764705882
2,34,18,0.1,0.9,0.05,0.005,3111690.8529411764
2,34,18,0.1,0.9,0.05,0.015,2831979.3529411764
2,34,18,0.1,0.9,0.05,0.05,1297272.0294117648
2,34,18,0.5,0.1,0.005,0.005,3561280.617647059
2,34,18,0.5,0.1,0.005,0.015,3278244.1764705884
2,34,18,0.5,0.1,0.005,0.05,2449089.970588235
2,34,18,0.5,0.1,0.015,0.005,2325219.7647058824
2,34,18,0.5,0.1,0.015,0.015,2324813.617647059
2,34,18,0.5,0.1,0.015,0.05,1808528.4117647058
2,34,18,0.5,0.1,0.05,0.005,1760911.3235294118
2,34,18,0.5,0.1,0.05,0.015,2327968.794117647
2,34,18,0.5,0.1,0.05,0.05,1921723.5588235294
2,34,18,0.5,0.5,0.005,0.005,3222488.0588235296
2,34,18,0.5,0.5,0.005,0.015,2618765.529411765
2,34,18,0.5,0.5,0.005,0.05,1758261.294117647
2,34,18,0.5,0.5,0.015,0.005,3620708.1764705884
2,34,18,0.5,0.5,0.015,0.015,2238262.205882353
2,34,18,0.5,0.5,0.015,0.05,1494029.6764705882
2,34,18,0.5,0.5,0.05,0.005,2974162.7647058824
2,34,18,0.5,0.5,0.05,0.015,2199903.8235294116
2,34,18,0.5,0.5,0.05,0.05,1261915.7647058824
2,34,18,0.5,0.9,0.005,0.005,3614831.2352941176
2,34,18,0.5,0.9,0.005,0.015,2406620.382352941
2,34,18,0.5,0.9,0.005,0.05,1257523.0588235294
2,34,18,0.5,0.9,0.015,0.005,2835726.529411765
2,34,18,0.5,0.9,0.015,0.015,2501007.2352941176
2,34,18,0.5,0.9,0.015,0.05,1216976.9411764706
2,34,18,0.5,0.9,0.05,0.005,3135983.088235294
2,34,18,0.5,0.9,0.05,0.015,2372030.970588235
2,34,18,0.5,0.9,0.05,0.05,972916.7647058824
2,34,18,0.9,0.1,0.005,0.005,2650423.3529411764
2,34,18,0.9,0.1,0.005,0.015,3316037.2352941176
2,34,18,0.9,0.1,0.005,0.05,2322819.029411765
2,34,18,0.9,0.1,0.015,0.005,2245639.6764705884
2,34,18,0.9,0.1,0.015,0.015,2542978.470588235
2,34,18,0.9,0.1,0.015,0.05,1808826.5882352942
2,34,18,0.9,0.1,0.05,0.005,1310795.2352941176
2,34,18,0.9,0.1,0.05,0.015,1373787.8529411764
2,34,18,0.9,0.1,0.05,0.05,940648.3823529412
2,34,18,0.9,0.5,0.005,0.005,3537014.6470588236
2,34,18,0.9,0.5,0.005,0.015,3275540.2647058824
2,34,18,0.9,0.5,0.005,0.05,1713041.794117647
2,34,18,0.9,0.5,0.015,0.005,2752015.6764705884
2,34,18,0.9,0.5,0.015,0.015,1890170.9411764706
2,34,18,0.9,0.5,0.015,0.05,1385257.7352941176
2,34,18,0.9,0.5,0.05,0.005,1557631.1176470588
2,34,18,0.9,0.5,0.05,0.015,1390742.705882353
2,34,18,0.9,0.5,0.05,0.05,1163144.4411764706
2,34,18,0.9,0.9,0.005,0.005,2411561.529411765
2,34,18,0.9,0.9,0.005,0.015,2396795.617647059
2,34,18,0.9,0.9,0.005,0.05,1217494.6470588236
2,34,18,0.9,0.9,0.015,0.005,3588276.588235294
2,34,18,0.9,0.9,0.015,0.015,2291357.3235294116
2,34,18,0.9,0.9,0.015,0.05,1218552.6176470588
2,34,18,0.9,0.9,0.05,0.005,2606023.029411765
2,34,18,0.9,0.9,0.05,0.015,1857686.9117647058
2,34,18,0.9,0.9,0.05,0.05,1035522.3529411765
2,2,26,0.1,0.1,0.005,0.005,1.315311605E8
2,2,26,0.1,0.1,0.005,0.015,1.08588375E8
2,2,26,0.1,0.1,0.005,0.05,6.4039775E7
2,2,26,0.1,0.1,0.015,0.005,1.18978581E8
2,2,26,0.1,0.1,0.015,0.015,1.028131065E8
2,2,26,0.1,0.1,0.015,0.05,6.45275255E7
2,2,26,0.1,0.1,0.05,0.005,1.205647925E8
2,2,26,0.1,0.1,0.05,0.015,9.93743285E7
2,2,26,0.1,0.1,0.05,0.05,6.53832175E7
2,2,26,0.1,0.5,0.005,0.005,1.098614205E8
2,2,26,0.1,0.5,0.005,0.015,8.46601525E7
2,2,26,0.1,0.5,0.005,0.05,4.59615335E7
2,2,26,0.1,0.5,0.015,0.005,1.142897305E8
2,2,26,0.1,0.5,0.015,0.015,7.96816305E7
2,2,26,0.1,0.5,0.015,0.05,4.56359885E7
2,2,26,0.1,0.5,0.05,0.005,1.15856337E8
2,2,26,0.1,0.5,0.05,0.015,7.37909305E7
2,2,26,0.1,0.5,0.05,0.05,5.51272105E7
2,2,26,0.1,0.9,0.005,0.005,9.89463295E7
2,2,26,0.1,0.9,0.005,0.015,6.34015465E7
2,2,26,0.1,0.9,0.005,0.05,2.49449855E7
2,2,26,0.1,0.9,0.015,0.005,1.049658295E8
2,2,26,0.1,0.9,0.015,0.015,6.16805065E7
2,2,26,0.1,0.9,0.015,0.05,2.41225335E7
2,2,26,0.1,0.9,0.05,0.005,9.37914225E7
2,2,26,0.1,0.9,0.05,0.015,5.89213935E7
2,2,26,0.1,0.9,0.05,0.05,3.0432188E7
2,2,26,0.5,0.1,0.005,0.005,1.143223265E8
2,2,26,0.5,0.1,0.005,0.015,8.7359628E7
2,2,26,0.5,0.1,0.005,0.05,6.04411635E7
2,2,26,0.5,0.1,0.015,0.005,1.220147155E8
2,2,26,0.5,0.1,0.015,0.015,9.51176875E7
2,2,26,0.5,0.1,0.015,0.05,6.32783285E7
2,2,26,0.5,0.1,0.05,0.005,1.163652145E8
2,2,26,0.5,0.1,0.05,0.015,8.5877666E7
2,2,26,0.5,0.1,0.05,0.05,5.86942055E7
2,2,26,0.5,0.5,0.005,0.005,1.04317452E8
2,2,26,0.5,0.5,0.005,0.015,7.7138512E7
2,2,26,0.5,0.5,0.005,0.05,4.85760395E7
2,2,26,0.5,0.5,0.015,0.005,1.20072114E8
2,2,26,0.5,0.5,0.015,0.015,7.4881699E7
2,2,26,0.5,0.5,0.015,0.05,4.4386347E7
2,2,26,0.5,0.5,0.05,0.005,9.6846738E7
2,2,26,0.5,0.5,0.05,0.015,7.84642595E7
2,2,26,0.5,0.5,0.05,0.05,4.4925717E7
2,2,26,0.5,0.9,0.005,0.005,9.9126388E7
2,2,26,0.5,0.9,0.005,0.015,6.2223706E7
2,2,26,0.5,0.9,0.005,0.05,2.8964698E7
2,2,26,0.5,0.9,0.015,0.005,9.8880688E7
2,2,26,0.5,0.9,0.015,0.015,6.0115897E7
2,2,26,0.5,0.9,0.015,0.05,2.41998315E7
2,2,26,0.5,0.9,0.05,0.005,9.84608785E7
2,2,26,0.5,0.9,0.05,0.015,5.8177944E7
2,2,26,0.5,0.9,0.05,0.05,2.4913538E7
2,2,26,0.9,0.1,0.005,0.005,1.297789045E8
2,2,26,0.9,0.1,0.005,0.015,1.014959115E8
2,2,26,0.9,0.1,0.005,0.05,6.26073015E7
2,2,26,0.9,0.1,0.015,0.005,1.25484475E8
2,2,26,0.9,0.1,0.015,0.015,8.6800297E7
2,2,26,0.9,0.1,0.015,0.05,5.9685208E7
2,2,26,0.9,0.1,0.05,0.005,1.109015275E8
2,2,26,0.9,0.1,0.05,0.015,7.6789246E7
2,2,26,0.9,0.1,0.05,0.05,5.8807509E7
2,2,26,0.9,0.5,0.005,0.005,1.009119695E8
2,2,26,0.9,0.5,0.005,0.015,7.50268005E7
2,2,26,0.9,0.5,0.005,0.05,4.4920773E7
2,2,26,0.9,0.5,0.015,0.005,1.010767745E8
2,2,26,0.9,0.5,0.015,0.015,7.5452255E7
2,2,26,0.9,0.5,0.015,0.05,3.6066249E7
2,2,26,0.9,0.5,0.05,0.005,1.036510675E8
2,2,26,0.9,0.5,0.05,0.015,6.5021975E7
2,2,26,0.9,0.5,0.05,0.05,3.9394113E7
2,2,26,0.9,0.9,0.005,0.005,9.42594945E7
2,2,26,0.9,0.9,0.005,0.015,6.4198071E7
2,2,26,0.9,0.9,0.005,0.05,2.91388725E7
2,2,26,0.9,0.9,0.015,0.005,8.69057365E7
2,2,26,0.9,0.9,0.015,0.015,5.93766655E7
2,2,26,0.9,0.9,0.015,0.05,2.4239217E7
2,2,26,0.9,0.9,0.05,0.005,7.6954651E7
2,2,26,0.9,0.9,0.05,0.015,5.19963075E7
2,2,26,0.9,0.9,0.05,0.05,2.72555715E7
2,10,26,0.1,0.1,0.005,0.005,2.31967496E7
2,10,26,0.1,0.1,0.005,0.015,1.90828295E7
2,10,26,0.1,0.1,0.005,0.05,1.33393582E7
2,10,26,0.1,0.1,0.015,0.005,2.20938663E7
2,10,26,0.1,0.1,0.015,0.015,1.80744551E7
2,10,26,0.1,0.1,0.015,0.05,1.40319789E7
2,10,26,0.1,0.1,0.05,0.005,2.18966055E7
2,10,26,0.1,0.1,0.05,0.015,1.65666738E7
2,10,26,0.1,0.1,0.05,0.05,1.3668696E7
2,10,26,0.1,0.5,0.005,0.005,1.66904921E7
2,10,26,0.1,0.5,0.005,0.015,1.65382508E7
2,10,26,0.1,0.5,0.005,0.05,9507800.6
2,10,26,0.1,0.5,0.015,0.005,1.96148591E7
2,10,26,0.1,0.5,0.015,0.015,1.59721024E7
2,10,26,0.1,0.5,0.015,0.05,9254568.3
2,10,26,0.1,0.5,0.05,0.005,2.01812831E7
2,10,26,0.1,0.5,0.05,0.015,1.64785918E7
2,10,26,0.1,0.5,0.05,0.05,9443852.8
2,10,26,0.1,0.9,0.005,0.005,1.85720358E7
2,10,26,0.1,0.9,0.005,0.015,1.33853929E7
2,10,26,0.1,0.9,0.005,0.05,5906233.3
2,10,26,0.1,0.9,0.015,0.005,1.6759955E7
2,10,26,0.1,0.9,0.015,0.015,1.26152448E7
2,10,26,0.1,0.9,0.015,0.05,6428948.5
2,10,26,0.1,0.9,0.05,0.005,1.77393226E7
2,10,26,0.1,0.9,0.05,0.015,1.24486567E7
2,10,26,0.1,0.9,0.05,0.05,5637956.1
2,10,26,0.5,0.1,0.005,0.005,2.41222622E7
2,10,26,0.5,0.1,0.005,0.015,1.82194238E7
2,10,26,0.5,0.1,0.005,0.05,1.34034362E7
2,10,26,0.5,0.1,0.015,0.005,1.92032881E7
2,10,26,0.5,0.1,0.015,0.015,1.71628314E7
2,10,26,0.5,0.1,0.015,0.05,1.22291011E7
2,10,26,0.5,0.1,0.05,0.005,1.94199911E7
2,10,26,0.5,0.1,0.05,0.015,1.28104435E7
2,10,26,0.5,0.1,0.05,0.05,1.02130931E7
2,10,26,0.5,0.5,0.005,0.005,2.19077394E7
2,10,26,0.5,0.5,0.005,0.015,1.57774857E7
2,10,26,0.5,0.5,0.005,0.05,9670922.9
2,10,26,0.5,0.5,0.015,0.005,1.99598873E7
2,10,26,0.5,0.5,0.015,0.015,1.42444047E7
2,10,26,0.5,0.5,0.015,0.05,8456573.6
2,10,26,0.5,0.5,0.05,0.005,1.61596712E7
2,10,26,0.5,0.5,0.05,0.015,1.30641528E7
2,10,26,0.5,0.5,0.05,0.05,7283077.9
2,10,26,0.5,0.9,0.005,0.005,1.60909043E7
2,10,26,0.5,0.9,0.005,0.015,1.31311346E7
2,10,26,0.5,0.9,0.005,0.05,5863369.2
2,10,26,0.5,0.9,0.015,0.005,1.98732141E7
2,10,26,0.5,0.9,0.015,0.015,1.191056E7
2,10,26,0.5,0.9,0.015,0.05,5406834.4
2,10,26,0.5,0.9,0.05,0.005,1.79716756E7
2,10,26,0.5,0.9,0.05,0.015,1.12356124E7
2,10,26,0.5,0.9,0.05,0.05,5696669.9
2,10,26,0.9,0.1,0.005,0.005,2.25368793E7
2,10,26,0.9,0.1,0.005,0.015,1.78066532E7
2,10,26,0.9,0.1,0.005,0.05,1.29316683E7
2,10,26,0.9,0.1,0.015,0.005,1.79406756E7
2,10,26,0.9,0.1,0.015,0.015,1.62751168E7
2,10,26,0.9,0.1,0.015,0.05,1.16614574E7
2,10,26,0.9,0.1,0.05,0.005,1.34954589E7
2,10,26,0.9,0.1,0.05,0.015,1.18507373E7
2,10,26,0.9,0.1,0.05,0.05,8537828.7
2,10,26,0.9,0.5,0.005,0.005,2.07228852E7
2,10,26,0.9,0.5,0.005,0.015,1.54135076E7
2,10,26,0.9,0.5,0.005,0.05,1.06188799E7
2,10,26,0.9,0.5,0.015,0.005,1.55122974E7
2,10,26,0.9,0.5,0.015,0.015,1.39470522E7
2,10,26,0.9,0.5,0.015,0.05,8436814.2
2,10,26,0.9,0.5,0.05,0.005,1.69147253E7
2,10,26,0.9,0.5,0.05,0.015,1.19505503E7
2,10,26,0.9,0.5,0.05,0.05,6784568.5
2,10,26,0.9,0.9,0.005,0.005,1.75204202E7
2,10,26,0.9,0.9,0.005,0.015,1.16919335E7
2,10,26,0.9,0.9,0.005,0.05,4979507.3
2,10,26,0.9,0.9,0.015,0.005,1.60911689E7
2,10,26,0.9,0.9,0.015,0.015,1.21718577E7
2,10,26,0.9,0.9,0.015,0.05,5123994.9
2,10,26,0.9,0.9,0.05,0.005,1.5555861E7
2,10,26,0.9,0.9,0.05,0.015,1.00815938E7
2,10,26,0.9,0.9,0.05,0.05,5187545.7
2,18,26,0.1,0.1,0.005,0.005,1.2946449722222222E7
2,18,26,0.1,0.1,0.005,0.015,1.0798451222222222E7
2,18,26,0.1,0.1,0.005,0.05,7757178.611111111
2,18,26,0.1,0.1,0.015,0.005,1.1779945444444444E7
2,18,26,0.1,0.1,0.015,0.015,9569855.277777778
2,18,26,0.1,0.1,0.015,0.05,7638539.222222222
2,18,26,0.1,0.1,0.05,0.005,1.0600581222222222E7
2,18,26,0.1,0.1,0.05,0.015,8570321.111111112
2,18,26,0.1,0.1,0.05,0.05,6610722.166666667
2,18,26,0.1,0.5,0.005,0.005,9909068.777777778
2,18,26,0.1,0.5,0.005,0.015,8980274.333333334
2,18,26,0.1,0.5,0.005,0.05,5432316.611111111
2,18,26,0.1,0.5,0.015,0.005,1.0085563388888888E7
2,18,26,0.1,0.5,0.015,0.015,8176111.166666667
2,18,26,0.1,0.5,0.015,0.05,5625597.277777778
2,18,26,0.1,0.5,0.05,0.005,9724974.555555556
2,18,26,0.1,0.5,0.05,0.015,8054509.277777778
2,18,26,0.1,0.5,0.05,0.05,5575899.5
2,18,26,0.1,0.9,0.005,0.005,9779969.222222222
2,18,26,0.1,0.9,0.005,0.015,7976254.0
2,18,26,0.1,0.9,0.005,0.05,4499001.333333333
2,18,26,0.1,0.9,0.015,0.005,9263384.944444444
2,18,26,0.1,0.9,0.015,0.015,7095460.0
2,18,26,0.1,0.9,0.015,0.05,3060372.777777778
2,18,26,0.1,0.9,0.05,0.005,9457437.388888888
